{
  "created": "Sun May 22 2022 23:11:41 GMT+0200 (Central European Summer Time)",
  "updated": "Sun May 22 2022 23:11:41 GMT+0200 (Central European Summer Time)",
  "title": "Is checklist to",
  "source": "co_9a52acfa-f801-4d73-9e2a-8f763bf803f6",
  "target": "co_e02500c5-bf12-4344-9189-ce3215f27d10",
  "parentId": "cder_cb5c021b-22c5-498c-8ff2-ca965bce1664-cd_19251b65-4bb3-4390-91ed-0c3f32cc9aef-cd_672334eb-2f37-4cab-b86d-8cdc7806da7b",
  "props": [],
  "typeDataRelPropKeys": [],
  "instanceDataRelPropKeys": []
}